STATION,STATION_NAME,DATE,TMAX,TMIN,TOBS
GHCND:USC00312515,DURHAM NC US,20100101,56,6,39
GHCND:USC00312515,DURHAM NC US,20100102,78,-56,-50
GHCND:USC00312515,DURHAM NC US,20100103,-17,-100,-94
GHCND:USC00312515,DURHAM NC US,20100104,6,-94,-72
GHCND:USC00312515,DURHAM NC US,20100105,6,-94,-72
GHCND:USC00312515,DURHAM NC US,20100106,6,-94,-50
GHCND:USC00312515,DURHAM NC US,20100107,28,-94,-61
GHCND:USC00312515,DURHAM NC US,20100108,67,-94,-11
GHCND:USC00312515,DURHAM NC US,20100109,67,-94,6
GHCND:USC00312515,DURHAM NC US,20100110,17,-72,-67
GHCND:USC00312515,DURHAM NC US,20100111,50,-89,0
GHCND:USC00312515,DURHAM NC US,20100112,22,-56,-56
GHCND:USC00312515,DURHAM NC US,20100113,72,-56,-44
GHCND:USC00312515,DURHAM NC US,20100114,-39,-56,-44
GHCND:USC00312515,DURHAM NC US,20100115,117,-44,-28
GHCND:USC00312515,DURHAM NC US,20100116,150,-33,-11
GHCND:USC00312515,DURHAM NC US,20100117,100,-11,94
GHCND:USC00312515,DURHAM NC US,20100118,172,11,17
GHCND:USC00312515,DURHAM NC US,20100119,156,-11,39
GHCND:USC00312515,DURHAM NC US,20100120,100,-11,94
GHCND:USC00312515,DURHAM NC US,20100121,178,22,28
GHCND:USC00312515,DURHAM NC US,20100122,172,11,17
GHCND:USC00312515,DURHAM NC US,20100123,189,6,22
GHCND:USC00312515,DURHAM NC US,20100124,206,11,39
GHCND:USC00312515,DURHAM NC US,20100125,178,28,50
GHCND:USC00312515,DURHAM NC US,20100126,178,-11,72
GHCND:USC00312515,DURHAM NC US,20100127,83,-28,44
GHCND:USC00312515,DURHAM NC US,20100128,144,-6,0
GHCND:USC00312515,DURHAM NC US,20100129,144,-6,0
GHCND:USC00312515,DURHAM NC US,20100130,0,-72,-72
GHCND:USC00312515,DURHAM NC US,20100131,-61,-100,-94
GHCND:USC00312515,DURHAM NC US,20100201,17,-111,-28
GHCND:USC00312515,DURHAM NC US,20100202,72,-111,-6
GHCND:USC00312515,DURHAM NC US,20100203,83,-11,0
GHCND:USC00312515,DURHAM NC US,20100204,94,-6,-9999
GHCND:USC00312515,DURHAM NC US,20100205,89,6,33
GHCND:USC00312515,DURHAM NC US,20100206,78,-6,11
GHCND:USC00312515,DURHAM NC US,20100207,106,0,28
GHCND:USC00312515,DURHAM NC US,20100208,117,0,28
GHCND:USC00312515,DURHAM NC US,20100209,133,-6,17
GHCND:USC00312515,DURHAM NC US,20100210,44,-39,-33
GHCND:USC00312515,DURHAM NC US,20100211,56,-39,-17
GHCND:USC00312515,DURHAM NC US,20100212,22,-22,-17
GHCND:USC00312515,DURHAM NC US,20100213,22,-22,-17
GHCND:USC00312515,DURHAM NC US,20100214,44,-50,-22
GHCND:USC00312515,DURHAM NC US,20100215,61,-33,11
GHCND:USC00312515,DURHAM NC US,20100216,67,-33,-22
GHCND:USC00312515,DURHAM NC US,20100217,22,-50,-22
GHCND:USC00312515,DURHAM NC US,20100218,28,-44,-22
GHCND:USC00312515,DURHAM NC US,20100219,78,-44,0
GHCND:USC00312515,DURHAM NC US,20100220,128,-44,-17
GHCND:USC00312515,DURHAM NC US,20100221,128,-44,-17
GHCND:USC00312515,DURHAM NC US,20100222,167,-39,39
GHCND:USC00312515,DURHAM NC US,20100223,156,-44,-22
GHCND:USC00312515,DURHAM NC US,20100224,111,-22,-6
GHCND:USC00312515,DURHAM NC US,20100225,39,-17,-17
GHCND:USC00312515,DURHAM NC US,20100226,39,-17,39
GHCND:USC00312515,DURHAM NC US,20100227,78,-22,-17
GHCND:USC00312515,DURHAM NC US,20100228,78,-22,-17
GHCND:USC00312515,DURHAM NC US,20100301,94,-22,11
GHCND:USC00312515,DURHAM NC US,20100302,100,6,17
GHCND:USC00312515,DURHAM NC US,20100303,50,0,11
GHCND:USC00312515,DURHAM NC US,20100304,56,6,11
GHCND:USC00312515,DURHAM NC US,20100305,67,-28,17
GHCND:USC00312515,DURHAM NC US,20100306,106,-28,100
GHCND:USC00312515,DURHAM NC US,20100307,100,-33,11
GHCND:USC00312515,DURHAM NC US,20100308,156,-39,144
GHCND:USC00312515,DURHAM NC US,20100309,211,6,111
GHCND:USC00312515,DURHAM NC US,20100310,217,6,100
GHCND:USC00312515,DURHAM NC US,20100311,206,100,144
GHCND:USC00312515,DURHAM NC US,20100312,194,89,111
GHCND:USC00312515,DURHAM NC US,20100313,183,61,67
GHCND:USC00312515,DURHAM NC US,20100314,178,50,78
GHCND:USC00312515,DURHAM NC US,20100315,156,44,67
GHCND:USC00312515,DURHAM NC US,20100316,161,44,83
GHCND:USC00312515,DURHAM NC US,20100317,106,11,17
GHCND:USC00312515,DURHAM NC US,20100318,167,11,78
GHCND:USC00312515,DURHAM NC US,20100319,156,33,39
GHCND:USC00312515,DURHAM NC US,20100320,178,39,67
GHCND:USC00312515,DURHAM NC US,20100321,161,6,6
GHCND:USC00312515,DURHAM NC US,20100322,183,-6,17
GHCND:USC00312515,DURHAM NC US,20100323,172,17,161
GHCND:USC00312515,DURHAM NC US,20100324,156,28,33
GHCND:USC00312515,DURHAM NC US,20100325,167,33,100
GHCND:USC00312515,DURHAM NC US,20100326,217,33,61
GHCND:USC00312515,DURHAM NC US,20100327,228,-6,0
GHCND:USC00312515,DURHAM NC US,20100328,244,0,89
GHCND:USC00312515,DURHAM NC US,20100329,144,0,33
GHCND:USC00312515,DURHAM NC US,20100330,178,0,100
GHCND:USC00312515,DURHAM NC US,20100331,200,67,72
GHCND:USC00312515,DURHAM NC US,20100401,233,61,72
GHCND:USC00312515,DURHAM NC US,20100402,283,67,78
GHCND:USC00312515,DURHAM NC US,20100403,300,78,111
GHCND:USC00312515,DURHAM NC US,20100404,289,78,111
GHCND:USC00312515,DURHAM NC US,20100405,294,111,294
GHCND:USC00312515,DURHAM NC US,20100406,317,156,200
GHCND:USC00312515,DURHAM NC US,20100407,317,111,156
GHCND:USC00312515,DURHAM NC US,20100408,300,89,94
GHCND:USC00312515,DURHAM NC US,20100409,244,33,67
GHCND:USC00312515,DURHAM NC US,20100410,200,33,172
GHCND:USC00312515,DURHAM NC US,20100411,211,44,78
GHCND:USC00312515,DURHAM NC US,20100412,239,67,94
GHCND:USC00312515,DURHAM NC US,20100413,244,61,94
GHCND:USC00312515,DURHAM NC US,20100414,256,61,89
GHCND:USC00312515,DURHAM NC US,20100415,122,39,50
GHCND:USC00312515,DURHAM NC US,20100416,233,50,122
GHCND:USC00312515,DURHAM NC US,20100417,294,122,161
GHCND:USC00312515,DURHAM NC US,20100418,239,39,78
GHCND:USC00312515,DURHAM NC US,20100419,217,28,67
GHCND:USC00312515,DURHAM NC US,20100420,183,33,67
GHCND:USC00312515,DURHAM NC US,20100421,189,39,67
GHCND:USC00312515,DURHAM NC US,20100422,200,67,89
GHCND:USC00312515,DURHAM NC US,20100423,228,89,156
GHCND:USC00312515,DURHAM NC US,20100424,239,89,150
GHCND:USC00312515,DURHAM NC US,20100425,261,144,189
GHCND:USC00312515,DURHAM NC US,20100426,261,111,117
GHCND:USC00312515,DURHAM NC US,20100427,183,50,61
GHCND:USC00312515,DURHAM NC US,20100428,183,50,61
GHCND:USC00312515,DURHAM NC US,20100429,183,33,50
GHCND:USC00312515,DURHAM NC US,20100430,222,50,133
GHCND:USC00312515,DURHAM NC US,20100501,272,133,167
GHCND:USC00312515,DURHAM NC US,20100502,294,172,294
GHCND:USC00312515,DURHAM NC US,20100503,311,211,217
GHCND:USC00312515,DURHAM NC US,20100504,244,206,211
GHCND:USC00312515,DURHAM NC US,20100505,244,139,150
GHCND:USC00312515,DURHAM NC US,20100506,256,139,161
GHCND:USC00312515,DURHAM NC US,20100507,306,139,150
GHCND:USC00312515,DURHAM NC US,20100508,306,89,156
GHCND:USC00312515,DURHAM NC US,20100509,300,94,144
GHCND:USC00312515,DURHAM NC US,20100510,233,89,-9999
GHCND:USC00312515,DURHAM NC US,20100511,183,56,122
GHCND:USC00312515,DURHAM NC US,20100512,278,67,122
GHCND:USC00312515,DURHAM NC US,20100513,278,122,206
GHCND:USC00312515,DURHAM NC US,20100514,206,172,189
GHCND:USC00312515,DURHAM NC US,20100515,306,178,228
GHCND:USC00312515,DURHAM NC US,20100516,311,183,189
GHCND:USC00312515,DURHAM NC US,20100517,244,150,156
GHCND:USC00312515,DURHAM NC US,20100518,183,106,111
GHCND:USC00312515,DURHAM NC US,20100519,167,111,117
GHCND:USC00312515,DURHAM NC US,20100520,189,139,139
GHCND:USC00312515,DURHAM NC US,20100522,256,117,183
GHCND:USC00312515,DURHAM NC US,20100524,256,172,172
GHCND:USC00312515,DURHAM NC US,20100525,233,172,228
GHCND:USC00312515,DURHAM NC US,20100526,228,156,156
GHCND:USC00312515,DURHAM NC US,20100527,289,172,200
GHCND:USC00312515,DURHAM NC US,20100528,306,156,189
GHCND:USC00312515,DURHAM NC US,20100529,278,167,178
GHCND:USC00312515,DURHAM NC US,20100530,278,172,211
GHCND:USC00312515,DURHAM NC US,20100531,-9999,167,211
GHCND:USC00312515,DURHAM NC US,20100601,289,172,206
GHCND:USC00312515,DURHAM NC US,20100602,267,200,206
GHCND:USC00312515,DURHAM NC US,20100603,278,194,217
GHCND:USC00312515,DURHAM NC US,20100604,278,200,211
GHCND:USC00312515,DURHAM NC US,20100605,300,200,233
GHCND:USC00312515,DURHAM NC US,20100606,311,200,233
GHCND:USC00312515,DURHAM NC US,20100607,322,167,178
GHCND:USC00312515,DURHAM NC US,20100608,322,161,222
GHCND:USC00312515,DURHAM NC US,20100609,256,178,189
GHCND:USC00312515,DURHAM NC US,20100610,278,189,272
GHCND:USC00312515,DURHAM NC US,20100611,306,194,194
GHCND:USC00312515,DURHAM NC US,20100612,300,194,211
GHCND:USC00312515,DURHAM NC US,20100613,317,206,211
GHCND:USC00312515,DURHAM NC US,20100614,322,211,222
GHCND:USC00312515,DURHAM NC US,20100615,322,217,222
GHCND:USC00312515,DURHAM NC US,20100616,322,222,272
GHCND:USC00312515,DURHAM NC US,20100617,317,211,217
GHCND:USC00312515,DURHAM NC US,20100618,322,189,200
GHCND:USC00312515,DURHAM NC US,20100619,317,194,211
GHCND:USC00312515,DURHAM NC US,20100620,311,200,206
GHCND:USC00312515,DURHAM NC US,20100621,333,194,217
GHCND:USC00312515,DURHAM NC US,20100622,339,200,222
GHCND:USC00312515,DURHAM NC US,20100623,339,200,228
GHCND:USC00312515,DURHAM NC US,20100624,339,200,228
GHCND:USC00312515,DURHAM NC US,20100625,339,228,272
GHCND:USC00312515,DURHAM NC US,20100626,317,228,239
GHCND:USC00312515,DURHAM NC US,20100627,339,222,233
GHCND:USC00312515,DURHAM NC US,20100628,-9999,233,233
GHCND:USC00312515,DURHAM NC US,20100629,344,222,239
GHCND:USC00312515,DURHAM NC US,20100630,344,217,222
GHCND:USC00312515,DURHAM NC US,20100701,256,133,178
GHCND:USC00312515,DURHAM NC US,20100702,244,178,211
GHCND:USC00312515,DURHAM NC US,20100703,278,133,156
GHCND:USC00312515,DURHAM NC US,20100704,278,133,156
GHCND:USC00312515,DURHAM NC US,20100705,328,156,189
GHCND:USC00312515,DURHAM NC US,20100706,328,156,189
GHCND:USC00312515,DURHAM NC US,20100707,367,161,239
GHCND:USC00312515,DURHAM NC US,20100708,361,156,244
GHCND:USC00312515,DURHAM NC US,20100709,339,211,217
GHCND:USC00312515,DURHAM NC US,20100710,344,217,228
GHCND:USC00312515,DURHAM NC US,20100711,356,217,239
GHCND:USC00312515,DURHAM NC US,20100712,344,206,256
GHCND:USC00312515,DURHAM NC US,20100713,306,200,211
GHCND:USC00312515,DURHAM NC US,20100714,294,211,217
GHCND:USC00312515,DURHAM NC US,20100715,306,206,222
GHCND:USC00312515,DURHAM NC US,20100716,322,222,250
GHCND:USC00312515,DURHAM NC US,20100717,328,239,244
GHCND:USC00312515,DURHAM NC US,20100718,339,200,250
GHCND:USC00312515,DURHAM NC US,20100719,328,206,261
GHCND:USC00312515,DURHAM NC US,20100720,333,222,233
GHCND:USC00312515,DURHAM NC US,20100721,339,233,233
GHCND:USC00312515,DURHAM NC US,20100722,333,228,233
GHCND:USC00312515,DURHAM NC US,20100723,328,233,267
GHCND:USC00312515,DURHAM NC US,20100724,344,244,267
GHCND:USC00312515,DURHAM NC US,20100725,356,228,272
GHCND:USC00312515,DURHAM NC US,20100726,356,228,233
GHCND:USC00312515,DURHAM NC US,20100727,317,233,244
GHCND:USC00312515,DURHAM NC US,20100728,250,211,222
GHCND:USC00312515,DURHAM NC US,20100729,311,217,272
GHCND:USC00312515,DURHAM NC US,20100730,328,206,211
GHCND:USC00312515,DURHAM NC US,20100731,283,189,217
GHCND:USC00312515,DURHAM NC US,20100801,228,167,172
GHCND:USC00312515,DURHAM NC US,20100802,239,172,206
GHCND:USC00312515,DURHAM NC US,20100803,278,172,206
GHCND:USC00312515,DURHAM NC US,20100804,294,206,233
GHCND:USC00312515,DURHAM NC US,20100805,311,217,239
GHCND:USC00312515,DURHAM NC US,20100806,328,217,217
GHCND:USC00312515,DURHAM NC US,20100807,278,211,228
GHCND:USC00312515,DURHAM NC US,20100808,306,211,217
GHCND:USC00312515,DURHAM NC US,20100809,300,206,211
GHCND:USC00312515,DURHAM NC US,20100810,339,211,256
GHCND:USC00312515,DURHAM NC US,20100811,356,211,256
GHCND:USC00312515,DURHAM NC US,20100812,339,222,228
GHCND:USC00312515,DURHAM NC US,20100813,339,228,233
GHCND:USC00312515,DURHAM NC US,20100814,294,222,228
GHCND:USC00312515,DURHAM NC US,20100815,294,222,239
GHCND:USC00312515,DURHAM NC US,20100816,300,228,239
GHCND:USC00312515,DURHAM NC US,20100817,311,228,256
GHCND:USC00312515,DURHAM NC US,20100818,333,228,250
GHCND:USC00312515,DURHAM NC US,20100819,322,222,244
GHCND:USC00312515,DURHAM NC US,20100820,328,211,217
GHCND:USC00312515,DURHAM NC US,20100821,306,211,228
GHCND:USC00312515,DURHAM NC US,20100822,306,194,261
GHCND:USC00312515,DURHAM NC US,20100824,294,200,200
GHCND:USC00312515,DURHAM NC US,20100826,267,183,189
GHCND:USC00312515,DURHAM NC US,20100827,289,183,189
GHCND:USC00312515,DURHAM NC US,20100828,294,189,222
GHCND:USC00312515,DURHAM NC US,20100829,294,194,200
GHCND:USC00312515,DURHAM NC US,20100830,294,183,194
GHCND:USC00312515,DURHAM NC US,20100831,322,183,183
GHCND:USC00312515,DURHAM NC US,20100906,300,128,133
GHCND:USC00312515,DURHAM NC US,20100908,294,200,211
GHCND:USC00312515,DURHAM NC US,20100910,294,139,139
GHCND:USC00312515,DURHAM NC US,20100911,261,139,167
GHCND:USC00312515,DURHAM NC US,20100912,267,167,194
GHCND:USC00312515,DURHAM NC US,20100913,272,156,161
GHCND:USC00312515,DURHAM NC US,20100914,333,144,150
GHCND:USC00312515,DURHAM NC US,20100915,317,139,144
GHCND:USC00312515,DURHAM NC US,20100917,317,144,217
GHCND:USC00312515,DURHAM NC US,20100919,317,133,139
GHCND:USC00312515,DURHAM NC US,20100921,306,178,189
GHCND:USC00312515,DURHAM NC US,20100923,322,189,211
GHCND:USC00312515,DURHAM NC US,20100925,317,211,211
GHCND:USC00312515,DURHAM NC US,20100926,322,189,194
GHCND:USC00312515,DURHAM NC US,20100927,328,183,200
GHCND:USC00312515,DURHAM NC US,20100928,217,178,178
GHCND:USC00312515,DURHAM NC US,20100929,239,156,156
GHCND:USC00312515,DURHAM NC US,20100930,206,156,161
GHCND:USC00312515,DURHAM NC US,20101002,228,89,94
GHCND:USC00312515,DURHAM NC US,20101004,206,94,117
GHCND:USC00312515,DURHAM NC US,20101006,178,72,78
GHCND:USC00312515,DURHAM NC US,20101007,189,78,122
GHCND:USC00312515,DURHAM NC US,20101008,250,89,189
GHCND:USC00312515,DURHAM NC US,20101010,250,100,211
GHCND:USC00312515,DURHAM NC US,20101011,250,100,211
GHCND:USC00312515,DURHAM NC US,20101012,278,128,133
GHCND:USC00312515,DURHAM NC US,20101013,272,128,178
GHCND:USC00312515,DURHAM NC US,20101014,278,150,156
GHCND:USC00312515,DURHAM NC US,20101015,194,72,72
GHCND:USC00312515,DURHAM NC US,20101019,217,122,211
GHCND:USC00312515,DURHAM NC US,20101021,222,89,94
GHCND:USC00312515,DURHAM NC US,20101023,222,33,39
GHCND:USC00312515,DURHAM NC US,20101025,228,39,150
GHCND:USC00312515,DURHAM NC US,20101026,233,144,178
GHCND:USC00312515,DURHAM NC US,20101027,239,178,228
GHCND:USC00312515,DURHAM NC US,20101028,278,200,206
GHCND:USC00312515,DURHAM NC US,20101029,278,83,94
GHCND:USC00312515,DURHAM NC US,20101030,144,17,17
GHCND:USC00312515,DURHAM NC US,20101101,206,17,67
GHCND:USC00312515,DURHAM NC US,20101102,128,50,61
GHCND:USC00312515,DURHAM NC US,20101103,139,39,89
GHCND:USC00312515,DURHAM NC US,20101104,122,61,78
GHCND:USC00312515,DURHAM NC US,20101105,122,39,39
GHCND:USC00312515,DURHAM NC US,20101106,89,28,39
GHCND:USC00312515,DURHAM NC US,20101107,139,-6,28
GHCND:USC00312515,DURHAM NC US,20101108,172,6,39
GHCND:USC00312515,DURHAM NC US,20101109,178,0,61
GHCND:USC00312515,DURHAM NC US,20101110,206,33,39
GHCND:USC00312515,DURHAM NC US,20101111,189,39,83
GHCND:USC00312515,DURHAM NC US,20101112,167,6,139
GHCND:USC00312515,DURHAM NC US,20101113,167,0,61
GHCND:USC00312515,DURHAM NC US,20101114,172,-11,6
GHCND:USC00312515,DURHAM NC US,20101115,183,-6,6
GHCND:USC00312515,DURHAM NC US,20101116,172,6,106
GHCND:USC00312515,DURHAM NC US,20101117,206,67,78
GHCND:USC00312515,DURHAM NC US,20101118,172,17,22
GHCND:USC00312515,DURHAM NC US,20101119,139,22,39
GHCND:USC00312515,DURHAM NC US,20101120,133,33,61
GHCND:USC00312515,DURHAM NC US,20101122,178,28,117
GHCND:USC00312515,DURHAM NC US,20101124,217,67,144
GHCND:USC00312515,DURHAM NC US,20101125,150,33,44
GHCND:USC00312515,DURHAM NC US,20101126,172,44,139
GHCND:USC00312515,DURHAM NC US,20101127,172,44,139
GHCND:USC00312515,DURHAM NC US,20101128,139,-33,17
GHCND:USC00312515,DURHAM NC US,20101129,78,-33,-22
GHCND:USC00312515,DURHAM NC US,20101201,200,-28,122
GHCND:USC00312515,DURHAM NC US,20101205,206,-56,-11
GHCND:USC00312515,DURHAM NC US,20101207,33,-67,-50
GHCND:USC00312515,DURHAM NC US,20101209,11,-44,-39
GHCND:USC00312515,DURHAM NC US,20101210,28,-61,-44
GHCND:USC00312515,DURHAM NC US,20101211,67,-44,-22
GHCND:USC00312515,DURHAM NC US,20101212,39,-22,17
GHCND:USC00312515,DURHAM NC US,20101213,83,-28,-28
GHCND:USC00312515,DURHAM NC US,20101214,6,-94,-89
GHCND:USC00312515,DURHAM NC US,20101216,6,-89,-28
GHCND:USC00312515,DURHAM NC US,20101218,-11,-33,-17
GHCND:USC00312515,DURHAM NC US,20101220,33,-50,-28
GHCND:USC00312515,DURHAM NC US,20101221,33,-28,33
GHCND:USC00312515,DURHAM NC US,20101223,100,-28,28
GHCND:USC00312515,DURHAM NC US,20101224,61,-39,-11
GHCND:USC00312515,DURHAM NC US,20101225,56,-17,-6
GHCND:USC00312515,DURHAM NC US,20101226,0,-28,-28
GHCND:USC00312515,DURHAM NC US,20101227,0,-61,-61
GHCND:USC00312515,DURHAM NC US,20101228,17,-72,-61
GHCND:USC00312515,DURHAM NC US,20101229,67,-61,-33
GHCND:USC00312515,DURHAM NC US,20101230,61,-44,0
GHCND:USC00312515,DURHAM NC US,20101231,11,-22,6
GHCND:USC00312515,DURHAM NC US,20110101,144,6,67
GHCND:USC00312515,DURHAM NC US,20110102,156,61,150
GHCND:USC00312515,DURHAM NC US,20110103,150,-33,-33
GHCND:USC00312515,DURHAM NC US,20110104,44,-33,-6
GHCND:USC00312515,DURHAM NC US,20110105,94,-56,33
GHCND:USC00312515,DURHAM NC US,20110106,89,-11,0
GHCND:USC00312515,DURHAM NC US,20110107,61,-6,50
GHCND:USC00312515,DURHAM NC US,20110108,72,-28,6
GHCND:USC00312515,DURHAM NC US,20110109,39,-83,-78
GHCND:USC00312515,DURHAM NC US,20110111,17,-72,-33
GHCND:USC00312515,DURHAM NC US,20110113,11,-78,-50
GHCND:USC00312515,DURHAM NC US,20110114,33,-78,-28
GHCND:USC00312515,DURHAM NC US,20110115,22,-72,-39
GHCND:USC00312515,DURHAM NC US,20110117,89,-39,-6
GHCND:USC00312515,DURHAM NC US,20110118,56,-11,44
GHCND:USC00312515,DURHAM NC US,20110120,139,-22,56
GHCND:USC00312515,DURHAM NC US,20110122,67,-83,-83
GHCND:USC00312515,DURHAM NC US,20110123,-28,-94,-78
GHCND:USC00312515,DURHAM NC US,20110125,50,-44,-28
GHCND:USC00312515,DURHAM NC US,20110126,94,-28,39
GHCND:USC00312515,DURHAM NC US,20110127,50,-28,44
GHCND:USC00312515,DURHAM NC US,20110128,94,-33,-17
GHCND:USC00312515,DURHAM NC US,20110129,133,-39,56
GHCND:USC00312515,DURHAM NC US,20110201,67,0,0
GHCND:USC00312515,DURHAM NC US,20110202,189,0,44
GHCND:USC00312515,DURHAM NC US,20110203,44,-17,0
GHCND:USC00312515,DURHAM NC US,20110204,33,0,11
GHCND:USC00312515,DURHAM NC US,20110205,22,6,22
GHCND:USC00312515,DURHAM NC US,20110206,106,-22,0
GHCND:USC00312515,DURHAM NC US,20110207,117,-22,83
GHCND:USC00312515,DURHAM NC US,20110208,83,22,28
GHCND:USC00312515,DURHAM NC US,20110209,67,-56,-50
GHCND:USC00312515,DURHAM NC US,20110210,56,-50,0
GHCND:USC00312515,DURHAM NC US,20110211,50,-78,44
GHCND:USC00312515,DURHAM NC US,20110212,78,-39,-33
GHCND:USC00312515,DURHAM NC US,20110213,144,-33,67
GHCND:USC00312515,DURHAM NC US,20110214,67,11,33
GHCND:USC00312515,DURHAM NC US,20110215,200,0,0
GHCND:USC00312515,DURHAM NC US,20110217,194,-11,122
GHCND:USC00312515,DURHAM NC US,20110219,233,83,139
GHCND:USC00312515,DURHAM NC US,20110220,139,6,44
GHCND:USC00312515,DURHAM NC US,20110221,228,44,178
GHCND:USC00312515,DURHAM NC US,20110222,183,44,44
GHCND:USC00312515,DURHAM NC US,20110224,89,-17,22
GHCND:USC00312515,DURHAM NC US,20110225,150,17,144
GHCND:USC00312515,DURHAM NC US,20110226,211,-11,0
GHCND:USC00312515,DURHAM NC US,20110227,133,0,44
GHCND:USC00312515,DURHAM NC US,20110228,256,0,128
GHCND:USC00312515,DURHAM NC US,20110301,267,28,33
GHCND:USC00312515,DURHAM NC US,20110302,172,-17,61
GHCND:USC00312515,DURHAM NC US,20110303,89,33,39
GHCND:USC00312515,DURHAM NC US,20110304,139,-28,56
GHCND:USC00312515,DURHAM NC US,20110305,106,44,106
GHCND:USC00312515,DURHAM NC US,20110306,183,44,44
GHCND:USC00312515,DURHAM NC US,20110307,44,0,22
GHCND:USC00312515,DURHAM NC US,20110308,128,-17,61
GHCND:USC00312515,DURHAM NC US,20110309,61,28,39
GHCND:USC00312515,DURHAM NC US,20110310,144,39,133
GHCND:USC00312515,DURHAM NC US,20110312,178,-17,11
GHCND:USC00312515,DURHAM NC US,20110314,233,11,67
GHCND:USC00312515,DURHAM NC US,20110315,122,44,106
GHCND:USC00312515,DURHAM NC US,20110316,122,44,67
GHCND:USC00312515,DURHAM NC US,20110317,206,44,150
GHCND:USC00312515,DURHAM NC US,20110318,200,33,67
GHCND:USC00312515,DURHAM NC US,20110320,278,39,117
GHCND:USC00312515,DURHAM NC US,20110321,228,106,178
GHCND:USC00312515,DURHAM NC US,20110322,178,133,167
GHCND:USC00312515,DURHAM NC US,20110323,278,100,144
GHCND:USC00312515,DURHAM NC US,20110324,150,100,111
GHCND:USC00312515,DURHAM NC US,20110326,172,50,61
GHCND:USC00312515,DURHAM NC US,20110327,72,11,17
GHCND:USC00312515,DURHAM NC US,20110328,39,-6,-6
GHCND:USC00312515,DURHAM NC US,20110329,72,-11,-6
GHCND:USC00312515,DURHAM NC US,20110330,150,-6,33
GHCND:USC00312515,DURHAM NC US,20110331,44,28,39
GHCND:USC00312515,DURHAM NC US,20110401,111,28,61
GHCND:USC00312515,DURHAM NC US,20110402,61,17,39
GHCND:USC00312515,DURHAM NC US,20110403,161,0,122
GHCND:USC00312515,DURHAM NC US,20110404,206,6,117
GHCND:USC00312515,DURHAM NC US,20110405,144,44,67
GHCND:USC00312515,DURHAM NC US,20110406,289,6,83
GHCND:USC00312515,DURHAM NC US,20110407,189,72,139
GHCND:USC00312515,DURHAM NC US,20110408,250,72,239
GHCND:USC00312515,DURHAM NC US,20110409,239,78,100
GHCND:USC00312515,DURHAM NC US,20110410,239,94,100
GHCND:USC00312515,DURHAM NC US,20110411,206,100,156
GHCND:USC00312515,DURHAM NC US,20110412,283,100,200
GHCND:USC00312515,DURHAM NC US,20110413,278,78,100
GHCND:USC00312515,DURHAM NC US,20110414,228,50,144
GHCND:USC00312515,DURHAM NC US,20110415,222,50,78
GHCND:USC00312515,DURHAM NC US,20110416,222,78,161
GHCND:USC00312515,DURHAM NC US,20110417,161,67,78
GHCND:USC00312515,DURHAM NC US,20110418,261,78,194
GHCND:USC00312515,DURHAM NC US,20110419,194,128,133
GHCND:USC00312515,DURHAM NC US,20110420,283,133,233
GHCND:USC00312515,DURHAM NC US,20110421,233,161,178
GHCND:USC00312515,DURHAM NC US,20110422,206,100,106
GHCND:USC00312515,DURHAM NC US,20110423,117,100,117
GHCND:USC00312515,DURHAM NC US,20110424,211,106,172
GHCND:USC00312515,DURHAM NC US,20110425,294,106,256
GHCND:USC00312515,DURHAM NC US,20110426,289,178,244
GHCND:USC00312515,DURHAM NC US,20110427,283,189,233
GHCND:USC00312515,DURHAM NC US,20110428,233,206,211
GHCND:USC00312515,DURHAM NC US,20110429,244,94,144
GHCND:USC00312515,DURHAM NC US,20110430,144,83,89
GHCND:USC00312515,DURHAM NC US,20110501,228,83,167
GHCND:USC00312515,DURHAM NC US,20110502,167,128,133
GHCND:USC00312515,DURHAM NC US,20110503,272,133,233
GHCND:USC00312515,DURHAM NC US,20110504,239,89,106
GHCND:USC00312515,DURHAM NC US,20110505,239,56,106
GHCND:USC00312515,DURHAM NC US,20110506,239,56,122
GHCND:USC00312515,DURHAM NC US,20110507,211,106,183
GHCND:USC00312515,DURHAM NC US,20110508,217,111,128
GHCND:USC00312515,DURHAM NC US,20110509,200,100,194
GHCND:USC00312515,DURHAM NC US,20110510,244,128,161
GHCND:USC00312515,DURHAM NC US,20110511,250,139,144
GHCND:USC00312515,DURHAM NC US,20110512,233,139,150
GHCND:USC00312515,DURHAM NC US,20110513,161,144,156
GHCND:USC00312515,DURHAM NC US,20110514,244,156,183
GHCND:USC00312515,DURHAM NC US,20110515,183,161,172
GHCND:USC00312515,DURHAM NC US,20110517,250,133,139
GHCND:USC00312515,DURHAM NC US,20110518,206,106,156
GHCND:USC00312515,DURHAM NC US,20110520,256,111,194
GHCND:USC00312515,DURHAM NC US,20110521,194,144,150
GHCND:USC00312515,DURHAM NC US,20110522,289,144,256
GHCND:USC00312515,DURHAM NC US,20110523,256,178,183
GHCND:USC00312515,DURHAM NC US,20110524,300,178,206
GHCND:USC00312515,DURHAM NC US,20110525,311,172,178
GHCND:USC00312515,DURHAM NC US,20110527,306,200,217
GHCND:USC00312515,DURHAM NC US,20110528,244,172,194
GHCND:USC00312515,DURHAM NC US,20110529,294,172,261
GHCND:USC00312515,DURHAM NC US,20110530,267,200,217
GHCND:USC00312515,DURHAM NC US,20110531,322,217,278
GHCND:USC00312515,DURHAM NC US,20110601,306,206,233
GHCND:USC00312515,DURHAM NC US,20110602,322,211,267
GHCND:USC00312515,DURHAM NC US,20110603,267,200,217
GHCND:USC00312515,DURHAM NC US,20110604,294,133,256
GHCND:USC00312515,DURHAM NC US,20110605,261,211,217
GHCND:USC00312515,DURHAM NC US,20110606,294,194,278
GHCND:USC00312515,DURHAM NC US,20110607,278,167,167
GHCND:USC00312515,DURHAM NC US,20110608,300,167,217
GHCND:USC00312515,DURHAM NC US,20110609,328,217,239
GHCND:USC00312515,DURHAM NC US,20110610,317,206,211
GHCND:USC00312515,DURHAM NC US,20110611,317,194,217
GHCND:USC00312515,DURHAM NC US,20110612,306,183,194
GHCND:USC00312515,DURHAM NC US,20110613,306,194,261
GHCND:USC00312515,DURHAM NC US,20110614,306,172,178
GHCND:USC00312515,DURHAM NC US,20110615,261,150,239
GHCND:USC00312515,DURHAM NC US,20110616,261,150,194
GHCND:USC00312515,DURHAM NC US,20110617,294,183,272
GHCND:USC00312515,DURHAM NC US,20110618,300,183,222
GHCND:USC00312515,DURHAM NC US,20110619,322,194,289
GHCND:USC00312515,DURHAM NC US,20110620,322,244,244
GHCND:USC00312515,DURHAM NC US,20110621,322,200,300
GHCND:USC00312515,DURHAM NC US,20110622,322,200,244
GHCND:USC00312515,DURHAM NC US,20110623,328,228,233
GHCND:USC00312515,DURHAM NC US,20110624,328,217,228
GHCND:USC00312515,DURHAM NC US,20110625,328,189,200
GHCND:USC00312515,DURHAM NC US,20110626,328,183,222
GHCND:USC00312515,DURHAM NC US,20110627,300,206,244
GHCND:USC00312515,DURHAM NC US,20110628,339,206,211
GHCND:USC00312515,DURHAM NC US,20110629,339,200,200
GHCND:USC00312515,DURHAM NC US,20110630,339,183,239
GHCND:USC00312515,DURHAM NC US,20110701,239,167,172
GHCND:USC00312515,DURHAM NC US,20110702,322,172,300
GHCND:USC00312515,DURHAM NC US,20110703,300,211,233
GHCND:USC00312515,DURHAM NC US,20110704,344,206,211
GHCND:USC00312515,DURHAM NC US,20110705,217,194,211
GHCND:USC00312515,DURHAM NC US,20110706,300,211,228
GHCND:USC00312515,DURHAM NC US,20110707,300,211,217
GHCND:USC00312515,DURHAM NC US,20110708,306,211,233
GHCND:USC00312515,DURHAM NC US,20110709,283,200,217
GHCND:USC00312515,DURHAM NC US,20110710,289,200,206
GHCND:USC00312515,DURHAM NC US,20110711,306,206,228
GHCND:USC00312515,DURHAM NC US,20110712,317,228,283
GHCND:USC00312515,DURHAM NC US,20110713,344,239,244
GHCND:USC00312515,DURHAM NC US,20110715,283,150,211
GHCND:USC00312515,DURHAM NC US,20110716,217,172,183
GHCND:USC00312515,DURHAM NC US,20110717,289,183,233
GHCND:USC00312515,DURHAM NC US,20110718,233,194,228
GHCND:USC00312515,DURHAM NC US,20110719,317,211,278
GHCND:USC00312515,DURHAM NC US,20110720,278,228,239
GHCND:USC00312515,DURHAM NC US,20110722,356,233,261
GHCND:USC00312515,DURHAM NC US,20110723,367,250,339
GHCND:USC00312515,DURHAM NC US,20110724,367,250,278
GHCND:USC00312515,DURHAM NC US,20110727,333,217,294
GHCND:USC00312515,DURHAM NC US,20110728,361,233,294
GHCND:USC00312515,DURHAM NC US,20110729,356,233,272
GHCND:USC00312515,DURHAM NC US,20110730,367,239,244
GHCND:USC00312515,DURHAM NC US,20110731,250,222,228
GHCND:USC00312515,DURHAM NC US,20110801,328,206,244
GHCND:USC00312515,DURHAM NC US,20110802,356,206,233
GHCND:USC00312515,DURHAM NC US,20110806,339,228,278
GHCND:USC00312515,DURHAM NC US,20110807,278,228,233
GHCND:USC00312515,DURHAM NC US,20110808,344,233,250
GHCND:USC00312515,DURHAM NC US,20110809,344,228,228
GHCND:USC00312515,DURHAM NC US,20110810,339,206,211
GHCND:USC00312515,DURHAM NC US,20110811,339,211,228
GHCND:USC00312515,DURHAM NC US,20110813,306,200,222
GHCND:USC00312515,DURHAM NC US,20110814,294,211,244
GHCND:USC00312515,DURHAM NC US,20110815,244,172,189
GHCND:USC00312515,DURHAM NC US,20110816,294,172,222
GHCND:USC00312515,DURHAM NC US,20110817,300,172,294
GHCND:USC00312515,DURHAM NC US,20110818,311,172,239
GHCND:USC00312515,DURHAM NC US,20110819,311,172,267
GHCND:USC00312515,DURHAM NC US,20110820,306,217,261
GHCND:USC00312515,DURHAM NC US,20110821,267,217,222
GHCND:USC00312515,DURHAM NC US,20110822,328,200,206
GHCND:USC00312515,DURHAM NC US,20110823,306,178,217
GHCND:USC00312515,DURHAM NC US,20110824,272,161,167
GHCND:USC00312515,DURHAM NC US,20110825,306,167,278
GHCND:USC00312515,DURHAM NC US,20110826,317,217,300
GHCND:USC00312515,DURHAM NC US,20110828,244,211,217
GHCND:USC00312515,DURHAM NC US,20110829,317,189,194
GHCND:USC00312515,DURHAM NC US,20110830,317,172,256
GHCND:USC00312515,DURHAM NC US,20110831,317,156,194
GHCND:USC00312515,DURHAM NC US,20110902,294,194,239
GHCND:USC00312515,DURHAM NC US,20110903,283,200,283
GHCND:USC00312515,DURHAM NC US,20110904,306,194,250
GHCND:USC00312515,DURHAM NC US,20110905,289,206,244
GHCND:USC00312515,DURHAM NC US,20110906,283,206,244
GHCND:USC00312515,DURHAM NC US,20110907,256,189,194
GHCND:USC00312515,DURHAM NC US,20110908,261,150,156
GHCND:USC00312515,DURHAM NC US,20110909,267,156,206
GHCND:USC00312515,DURHAM NC US,20110910,267,167,200
GHCND:USC00312515,DURHAM NC US,20110911,289,167,206
GHCND:USC00312515,DURHAM NC US,20110912,206,172,183
GHCND:USC00312515,DURHAM NC US,20110913,289,167,211
GHCND:USC00312515,DURHAM NC US,20110914,211,167,172
GHCND:USC00312515,DURHAM NC US,20110916,133,117,117
GHCND:USC00312515,DURHAM NC US,20110917,144,117,122
GHCND:USC00312515,DURHAM NC US,20110918,133,122,128
GHCND:USC00312515,DURHAM NC US,20110920,239,128,200
GHCND:USC00312515,DURHAM NC US,20110921,200,178,183
GHCND:USC00312515,DURHAM NC US,20110922,256,183,239
GHCND:USC00312515,DURHAM NC US,20110923,239,206,211
GHCND:USC00312515,DURHAM NC US,20110924,228,178,228
GHCND:USC00312515,DURHAM NC US,20110925,228,178,206
GHCND:USC00312515,DURHAM NC US,20110926,267,194,222
GHCND:USC00312515,DURHAM NC US,20110927,228,217,222
GHCND:USC00312515,DURHAM NC US,20110928,283,161,167
GHCND:USC00312515,DURHAM NC US,20110929,167,156,161
GHCND:USC00312515,DURHAM NC US,20110930,267,133,139
GHCND:USC00312515,DURHAM NC US,20111002,156,67,72
GHCND:USC00312515,DURHAM NC US,20111003,178,56,133
GHCND:USC00312515,DURHAM NC US,20111004,206,56,128
GHCND:USC00312515,DURHAM NC US,20111005,128,94,106
GHCND:USC00312515,DURHAM NC US,20111006,228,94,106
GHCND:USC00312515,DURHAM NC US,20111007,211,72,72
GHCND:USC00312515,DURHAM NC US,20111008,211,61,67
GHCND:USC00312515,DURHAM NC US,20111009,211,67,100
GHCND:USC00312515,DURHAM NC US,20111010,228,67,133
GHCND:USC00312515,DURHAM NC US,20111011,222,133,167
GHCND:USC00312515,DURHAM NC US,20111012,178,161,172
GHCND:USC00312515,DURHAM NC US,20111013,244,172,183
GHCND:USC00312515,DURHAM NC US,20111014,189,144,150
GHCND:USC00312515,DURHAM NC US,20111015,217,83,133
GHCND:USC00312515,DURHAM NC US,20111016,144,78,144
GHCND:USC00312515,DURHAM NC US,20111018,272,72,144
GHCND:USC00312515,DURHAM NC US,20111020,272,50,133
GHCND:USC00312515,DURHAM NC US,20111021,183,44,50
GHCND:USC00312515,DURHAM NC US,20111022,272,50,128
GHCND:USC00312515,DURHAM NC US,20111023,211,28,39
GHCND:USC00312515,DURHAM NC US,20111025,272,39,72
GHCND:USC00312515,DURHAM NC US,20111026,217,61,144
GHCND:USC00312515,DURHAM NC US,20111027,156,100,106
GHCND:USC00312515,DURHAM NC US,20111028,233,44,50
GHCND:USC00312515,DURHAM NC US,20111031,106,-11,0
GHCND:USC00312515,DURHAM NC US,20111102,144,-6,11
GHCND:USC00312515,DURHAM NC US,20111103,167,-6,100
GHCND:USC00312515,DURHAM NC US,20111104,161,-6,106
GHCND:USC00312515,DURHAM NC US,20111105,161,-11,28
GHCND:USC00312515,DURHAM NC US,20111106,106,-6,28
GHCND:USC00312515,DURHAM NC US,20111107,156,-11,22
GHCND:USC00312515,DURHAM NC US,20111108,189,22,39
GHCND:USC00312515,DURHAM NC US,20111109,183,22,28
GHCND:USC00312515,DURHAM NC US,20111110,183,28,78
GHCND:USC00312515,DURHAM NC US,20111111,83,0,6
GHCND:USC00312515,DURHAM NC US,20111112,161,-17,61
GHCND:USC00312515,DURHAM NC US,20111113,61,22,28
GHCND:USC00312515,DURHAM NC US,20111114,228,28,156
GHCND:USC00312515,DURHAM NC US,20111115,167,150,161
GHCND:USC00312515,DURHAM NC US,20111116,244,150,161
GHCND:USC00312515,DURHAM NC US,20111118,244,-22,-17
GHCND:USC00312515,DURHAM NC US,20111121,244,-39,144
GHCND:USC00312515,DURHAM NC US,20111122,239,122,217
GHCND:USC00312515,DURHAM NC US,20111123,228,167,172
GHCND:USC00312515,DURHAM NC US,20111124,222,39,56
GHCND:USC00312515,DURHAM NC US,20111125,200,0,50
GHCND:USC00312515,DURHAM NC US,20111126,167,-11,0
GHCND:USC00312515,DURHAM NC US,20111127,211,0,133
GHCND:USC00312515,DURHAM NC US,20111128,217,100,133
GHCND:USC00312515,DURHAM NC US,20111130,200,11,17
GHCND:USC00312515,DURHAM NC US,20111201,200,-17,-6
GHCND:USC00312515,DURHAM NC US,20111202,200,-28,-22
GHCND:USC00312515,DURHAM NC US,20111203,200,-22,44
GHCND:USC00312515,DURHAM NC US,20111204,44,-11,-6
GHCND:USC00312515,DURHAM NC US,20111205,156,-11,72
GHCND:USC00312515,DURHAM NC US,20111206,194,72,150
GHCND:USC00312515,DURHAM NC US,20111207,200,72,161
GHCND:USC00312515,DURHAM NC US,20111208,206,0,33
GHCND:USC00312515,DURHAM NC US,20111209,83,-17,39
GHCND:USC00312515,DURHAM NC US,20111210,117,11,22
GHCND:USC00312515,DURHAM NC US,20111211,83,-28,-22
GHCND:USC00312515,DURHAM NC US,20111212,72,-22,-6
GHCND:USC00312515,DURHAM NC US,20111213,67,-22,-11
GHCND:USC00312515,DURHAM NC US,20111215,183,-6,139
GHCND:USC00312515,DURHAM NC US,20111216,172,50,56
GHCND:USC00312515,DURHAM NC US,20111217,56,33,56
GHCND:USC00312515,DURHAM NC US,20111218,78,-28,-17
GHCND:USC00312515,DURHAM NC US,20111220,133,50,56
GHCND:USC00312515,DURHAM NC US,20111221,156,-28,156
GHCND:USC00312515,DURHAM NC US,20111225,178,-11,61
GHCND:USC00312515,DURHAM NC US,20111226,67,11,44
GHCND:USC00312515,DURHAM NC US,20111227,144,28,94
GHCND:USC00312515,DURHAM NC US,20111228,133,22,33
GHCND:USC00312515,DURHAM NC US,20111229,111,-28,22
GHCND:USC00312515,DURHAM NC US,20111231,161,-6,39
GHCND:USC00312515,DURHAM NC US,20120101,178,0,167
GHCND:USC00312515,DURHAM NC US,20120103,0,-50,-22
GHCND:USC00312515,DURHAM NC US,20120104,-22,-83,-78
GHCND:USC00312515,DURHAM NC US,20120106,106,-78,0
GHCND:USC00312515,DURHAM NC US,20120108,200,-6,89
GHCND:USC00312515,DURHAM NC US,20120109,156,39,50
GHCND:USC00312515,DURHAM NC US,20120110,128,44,50
GHCND:USC00312515,DURHAM NC US,20120111,139,50,100
GHCND:USC00312515,DURHAM NC US,20120112,100,44,50
GHCND:USC00312515,DURHAM NC US,20120113,139,-17,-11
GHCND:USC00312515,DURHAM NC US,20120117,167,-50,128
GHCND:USC00312515,DURHAM NC US,20120119,161,-56,-33
GHCND:USC00312515,DURHAM NC US,20120121,122,17,100
GHCND:USC00312515,DURHAM NC US,20120122,144,-11,17
GHCND:USC00312515,DURHAM NC US,20120123,22,6,17
GHCND:USC00312515,DURHAM NC US,20120124,156,11,39
GHCND:USC00312515,DURHAM NC US,20120125,150,6,22
GHCND:USC00312515,DURHAM NC US,20120126,189,22,161
GHCND:USC00312515,DURHAM NC US,20120127,189,22,144
GHCND:USC00312515,DURHAM NC US,20120128,189,-6,67
GHCND:USC00312515,DURHAM NC US,20120130,139,-28,33
GHCND:USC00312515,DURHAM NC US,20120203,189,-22,6
GHCND:USC00312515,DURHAM NC US,20120204,189,6,94
GHCND:USC00312515,DURHAM NC US,20120207,89,-17,22
GHCND:USC00312515,DURHAM NC US,20120208,122,-28,28
GHCND:USC00312515,DURHAM NC US,20120209,72,-28,-17
GHCND:USC00312515,DURHAM NC US,20120210,83,-28,50
GHCND:USC00312515,DURHAM NC US,20120211,83,-28,50
GHCND:USC00312515,DURHAM NC US,20120214,128,-67,94
GHCND:USC00312515,DURHAM NC US,20120216,156,-67,89
GHCND:USC00312515,DURHAM NC US,20120218,156,33,61
GHCND:USC00312515,DURHAM NC US,20120220,72,-11,11
GHCND:USC00312515,DURHAM NC US,20120222,128,-44,28
GHCND:USC00312515,DURHAM NC US,20120223,211,28,144
GHCND:USC00312515,DURHAM NC US,20120224,172,111,172
GHCND:USC00312515,DURHAM NC US,20120229,194,-33,178
GHCND:USC00312515,DURHAM NC US,20120304,250,44,50
GHCND:USC00312515,DURHAM NC US,20120305,106,-6,39
GHCND:USC00312515,DURHAM NC US,20120306,100,-33,-28
GHCND:USC00312515,DURHAM NC US,20120308,189,-28,89
GHCND:USC00312515,DURHAM NC US,20120312,167,-17,39
GHCND:USC00312515,DURHAM NC US,20120319,278,-17,111
GHCND:USC00312515,DURHAM NC US,20120320,283,111,150
GHCND:USC00312515,DURHAM NC US,20120321,278,111,194
GHCND:USC00312515,DURHAM NC US,20120324,283,122,128
GHCND:USC00312515,DURHAM NC US,20120327,267,44,50
GHCND:USC00312515,DURHAM NC US,20120328,278,44,194
GHCND:USC00312515,DURHAM NC US,20120330,267,94,183
GHCND:USC00312515,DURHAM NC US,20120402,233,94,222
GHCND:USC00312515,DURHAM NC US,20120403,222,50,56
GHCND:USC00312515,DURHAM NC US,20120404,289,56,194
GHCND:USC00312515,DURHAM NC US,20120405,267,122,133
GHCND:USC00312515,DURHAM NC US,20120407,161,17,28
GHCND:USC00312515,DURHAM NC US,20120409,233,28,83
GHCND:USC00312515,DURHAM NC US,20120413,222,11,178
GHCND:USC00312515,DURHAM NC US,20120414,178,50,139
GHCND:USC00312515,DURHAM NC US,20120415,256,83,250
GHCND:USC00312515,DURHAM NC US,20120416,250,150,172
GHCND:USC00312515,DURHAM NC US,20120417,283,150,256
GHCND:USC00312515,DURHAM NC US,20120419,156,-6,156
GHCND:USC00312515,DURHAM NC US,20120420,156,100,106
GHCND:USC00312515,DURHAM NC US,20120421,239,106,217
GHCND:USC00312515,DURHAM NC US,20120422,267,106,111
GHCND:USC00312515,DURHAM NC US,20120423,117,50,61
GHCND:USC00312515,DURHAM NC US,20120424,117,22,28
GHCND:USC00312515,DURHAM NC US,20120425,161,28,89
GHCND:USC00312515,DURHAM NC US,20120426,183,89,122
GHCND:USC00312515,DURHAM NC US,20120427,228,122,172
GHCND:USC00312515,DURHAM NC US,20120430,233,156,217
GHCND:USC00312515,DURHAM NC US,20120501,217,183,200
GHCND:USC00312515,DURHAM NC US,20120502,306,156,283
GHCND:USC00312515,DURHAM NC US,20120503,283,172,178
GHCND:USC00312515,DURHAM NC US,20120504,306,167,267
GHCND:USC00312515,DURHAM NC US,20120505,267,183,189
GHCND:USC00312515,DURHAM NC US,20120507,272,133,139
GHCND:USC00312515,DURHAM NC US,20120508,244,139,233
GHCND:USC00312515,DURHAM NC US,20120509,244,139,183
GHCND:USC00312515,DURHAM NC US,20120511,211,67,78
GHCND:USC00312515,DURHAM NC US,20120512,239,78,156
GHCND:USC00312515,DURHAM NC US,20120513,217,128,172
GHCND:USC00312515,DURHAM NC US,20120514,206,156,200
GHCND:USC00312515,DURHAM NC US,20120515,256,156,233
GHCND:USC00312515,DURHAM NC US,20120518,256,144,150
GHCND:USC00312515,DURHAM NC US,20120520,228,111,117
GHCND:USC00312515,DURHAM NC US,20120521,256,117,233
GHCND:USC00312515,DURHAM NC US,20120522,233,167,183
GHCND:USC00312515,DURHAM NC US,20120523,256,128,172
GHCND:USC00312515,DURHAM NC US,20120525,278,156,183
GHCND:USC00312515,DURHAM NC US,20120526,283,156,189
GHCND:USC00312515,DURHAM NC US,20120528,289,183,239
GHCND:USC00312515,DURHAM NC US,20120601,306,172,222
GHCND:USC00312515,DURHAM NC US,20120606,267,106,133
GHCND:USC00312515,DURHAM NC US,20120607,267,111,144
GHCND:USC00312515,DURHAM NC US,20120609,261,178,206
GHCND:USC00312515,DURHAM NC US,20120611,278,144,167
GHCND:USC00312515,DURHAM NC US,20120612,294,167,250
GHCND:USC00312515,DURHAM NC US,20120613,250,183,244
GHCND:USC00312515,DURHAM NC US,20120616,272,117,217
GHCND:USC00312515,DURHAM NC US,20120617,250,117,244
GHCND:USC00312515,DURHAM NC US,20120620,322,161,300
GHCND:USC00312515,DURHAM NC US,20120621,300,211,233
GHCND:USC00312515,DURHAM NC US,20120622,328,222,233
GHCND:USC00312515,DURHAM NC US,20120623,333,194,200
GHCND:USC00312515,DURHAM NC US,20120624,322,200,233
GHCND:USC00312515,DURHAM NC US,20120625,300,194,272
GHCND:USC00312515,DURHAM NC US,20120626,317,211,244
GHCND:USC00312515,DURHAM NC US,20120628,322,133,211
GHCND:USC00312515,DURHAM NC US,20120630,378,133,283
GHCND:USC00312515,DURHAM NC US,20120702,378,128,211
GHCND:USC00312515,DURHAM NC US,20120704,350,211,239
GHCND:USC00312515,DURHAM NC US,20120708,378,267,372
GHCND:USC00312515,DURHAM NC US,20120709,372,233,261
GHCND:USC00312515,DURHAM NC US,20120710,367,211,217
GHCND:USC00312515,DURHAM NC US,20120717,367,178,217
GHCND:USC00312515,DURHAM NC US,20120719,339,217,239
GHCND:USC00312515,DURHAM NC US,20120723,333,211,222
GHCND:USC00312515,DURHAM NC US,20120725,328,206,228
GHCND:USC00312515,DURHAM NC US,20120801,350,194,217
GHCND:USC00312515,DURHAM NC US,20120809,322,189,194
GHCND:USC00312515,DURHAM NC US,20120818,306,178,200
GHCND:USC00312515,DURHAM NC US,20120820,272,183,189
GHCND:USC00312515,DURHAM NC US,20120822,256,183,244
GHCND:USC00312515,DURHAM NC US,20120824,267,178,183
GHCND:USC00312515,DURHAM NC US,20120831,267,156,222
GHCND:USC00312515,DURHAM NC US,20120902,317,222,233
GHCND:USC00312515,DURHAM NC US,20120904,300,206,261
GHCND:USC00312515,DURHAM NC US,20120906,289,217,228
GHCND:USC00312515,DURHAM NC US,20120908,294,200,206
GHCND:USC00312515,DURHAM NC US,20120915,300,111,189
GHCND:USC00312515,DURHAM NC US,20120917,161,139,156
GHCND:USC00312515,DURHAM NC US,20120925,178,139,150
GHCND:USC00312515,DURHAM NC US,20120927,256,122,200
GHCND:USC00312515,DURHAM NC US,20120929,156,122,150
GHCND:USC00312515,DURHAM NC US,20121001,194,128,144
GHCND:USC00312515,DURHAM NC US,20121002,194,139,189
GHCND:USC00312515,DURHAM NC US,20121005,272,128,139
GHCND:USC00312515,DURHAM NC US,20121006,272,133,139
GHCND:USC00312515,DURHAM NC US,20121007,256,89,-9999
GHCND:USC00312515,DURHAM NC US,20121008,256,83,89
GHCND:USC00312515,DURHAM NC US,20121009,256,67,-9999
GHCND:USC00312515,DURHAM NC US,20121014,200,56,72
GHCND:USC00312515,DURHAM NC US,20121015,217,56,156
GHCND:USC00312515,DURHAM NC US,20121016,194,72,89
GHCND:USC00312515,DURHAM NC US,20121017,189,67,72
GHCND:USC00312515,DURHAM NC US,20121018,189,67,78
GHCND:USC00312515,DURHAM NC US,20121020,222,61,61
GHCND:USC00312515,DURHAM NC US,20121021,222,61,78
GHCND:USC00312515,DURHAM NC US,20121022,222,56,61
GHCND:USC00312515,DURHAM NC US,20121023,222,50,83
GHCND:USC00312515,DURHAM NC US,20121025,244,50,100
GHCND:USC00312515,DURHAM NC US,20121101,128,28,89
GHCND:USC00312515,DURHAM NC US,20121103,139,22,28
GHCND:USC00312515,DURHAM NC US,20121105,133,22,28
GHCND:USC00312515,DURHAM NC US,20121107,133,6,33
GHCND:USC00312515,DURHAM NC US,20121108,111,17,28
GHCND:USC00312515,DURHAM NC US,20121112,206,11,83
GHCND:USC00312515,DURHAM NC US,20121113,211,11,67
GHCND:USC00312515,DURHAM NC US,20121114,78,-6,0
GHCND:USC00312515,DURHAM NC US,20121116,111,0,100
GHCND:USC00312515,DURHAM NC US,20121119,122,11,-9999
GHCND:USC00312515,DURHAM NC US,20121120,133,6,78
GHCND:USC00312515,DURHAM NC US,20121121,139,17,28
GHCND:USC00312515,DURHAM NC US,20121125,167,-56,-44
GHCND:USC00312515,DURHAM NC US,20121126,167,-56,83
GHCND:USC00312515,DURHAM NC US,20121127,83,28,56
GHCND:USC00312515,DURHAM NC US,20121128,122,6,28
GHCND:USC00312515,DURHAM NC US,20121129,133,-39,-17
GHCND:USC00312515,DURHAM NC US,20121130,144,-17,128
GHCND:USC00312515,DURHAM NC US,20121201,133,-6,0
GHCND:USC00312515,DURHAM NC US,20121202,161,0,94
GHCND:USC00312515,DURHAM NC US,20121203,178,67,111
GHCND:USC00312515,DURHAM NC US,20121205,222,67,156
GHCND:USC00312515,DURHAM NC US,20121207,161,22,61
GHCND:USC00312515,DURHAM NC US,20121209,167,56,150
GHCND:USC00312515,DURHAM NC US,20121214,144,-33,6
GHCND:USC00312515,DURHAM NC US,20121216,200,-6,78
GHCND:USC00312515,DURHAM NC US,20121218,144,78,94
GHCND:USC00312515,DURHAM NC US,20121220,161,0,28
GHCND:USC00312515,DURHAM NC US,20121221,167,0,22
GHCND:USC00312515,DURHAM NC US,20121222,94,0,17
GHCND:USC00312515,DURHAM NC US,20121223,89,-28,-28
GHCND:USC00312515,DURHAM NC US,20121224,122,-33,67
GHCND:USC00312515,DURHAM NC US,20121225,89,67,72
GHCND:USC00312515,DURHAM NC US,20121227,122,6,11
GHCND:USC00312515,DURHAM NC US,20121229,133,-33,22
GHCND:USC00312515,DURHAM NC US,20121231,89,-39,-22
GHCND:USC00312515,DURHAM NC US,20130102,106,28,56
GHCND:USC00312515,DURHAM NC US,20130103,106,28,33
GHCND:USC00312515,DURHAM NC US,20130104,56,-44,-28
GHCND:USC00312515,DURHAM NC US,20130106,83,-33,39
GHCND:USC00312515,DURHAM NC US,20130107,89,-28,-6
GHCND:USC00312515,DURHAM NC US,20130109,106,-28,22
GHCND:USC00312515,DURHAM NC US,20130111,183,-28,39
GHCND:USC00312515,DURHAM NC US,20130115,156,44,56
GHCND:USC00312515,DURHAM NC US,20130117,89,39,83
GHCND:USC00312515,DURHAM NC US,20130118,89,-22,44
GHCND:USC00312515,DURHAM NC US,20130120,100,-44,28
GHCND:USC00312515,DURHAM NC US,20130121,150,-22,-22
GHCND:USC00312515,DURHAM NC US,20130123,67,-83,-39
GHCND:USC00312515,DURHAM NC US,20130127,39,-72,-22
GHCND:USC00312515,DURHAM NC US,20130128,33,-22,0
GHCND:USC00312515,DURHAM NC US,20130129,128,-22,128
GHCND:USC00312515,DURHAM NC US,20130130,211,128,167
GHCND:USC00312515,DURHAM NC US,20130131,211,56,56
GHCND:USC00312515,DURHAM NC US,20130201,78,-11,28
GHCND:USC00312515,DURHAM NC US,20130203,61,-78,22
GHCND:USC00312515,DURHAM NC US,20130204,78,-39,78
GHCND:USC00312515,DURHAM NC US,20130205,83,-39,28
GHCND:USC00312515,DURHAM NC US,20130206,133,-11,50
GHCND:USC00312515,DURHAM NC US,20130207,139,-11,22
GHCND:USC00312515,DURHAM NC US,20130208,78,11,44
GHCND:USC00312515,DURHAM NC US,20130209,117,-22,56
GHCND:USC00312515,DURHAM NC US,20130211,106,-39,94
GHCND:USC00312515,DURHAM NC US,20130212,156,78,78
GHCND:USC00312515,DURHAM NC US,20130213,150,50,56
GHCND:USC00312515,DURHAM NC US,20130214,72,-17,-6
GHCND:USC00312515,DURHAM NC US,20130215,106,-11,106
GHCND:USC00312515,DURHAM NC US,20130216,150,17,22
GHCND:USC00312515,DURHAM NC US,20130218,28,-89,-83
GHCND:USC00312515,DURHAM NC US,20130220,89,-44,-33
GHCND:USC00312515,DURHAM NC US,20130221,100,-39,83
GHCND:USC00312515,DURHAM NC US,20130222,100,-39,6
GHCND:USC00312515,DURHAM NC US,20130225,156,-6,44
GHCND:USC00312515,DURHAM NC US,20130226,156,-6,6
GHCND:USC00312515,DURHAM NC US,20130227,122,6,94
GHCND:USC00312515,DURHAM NC US,20130228,139,17,50
GHCND:USC00312515,DURHAM NC US,20130301,83,-28,-17
GHCND:USC00312515,DURHAM NC US,20130302,78,-17,44
GHCND:USC00312515,DURHAM NC US,20130303,72,-28,-6
GHCND:USC00312515,DURHAM NC US,20130304,78,-44,0
GHCND:USC00312515,DURHAM NC US,20130305,89,-44,22
GHCND:USC00312515,DURHAM NC US,20130309,117,-44,89
GHCND:USC00312515,DURHAM NC US,20130312,194,133,183
GHCND:USC00312515,DURHAM NC US,20130313,194,6,72
GHCND:USC00312515,DURHAM NC US,20130314,122,-22,-17
GHCND:USC00312515,DURHAM NC US,20130315,111,-22,0
GHCND:USC00312515,DURHAM NC US,20130316,167,0,67
GHCND:USC00312515,DURHAM NC US,20130317,244,67,106
GHCND:USC00312515,DURHAM NC US,20130318,111,22,22
GHCND:USC00312515,DURHAM NC US,20130319,44,17,44
GHCND:USC00312515,DURHAM NC US,20130320,183,17,39
GHCND:USC00312515,DURHAM NC US,20130321,128,11,44
GHCND:USC00312515,DURHAM NC US,20130322,89,-50,-50
GHCND:USC00312515,DURHAM NC US,20130323,94,-50,67
GHCND:USC00312515,DURHAM NC US,20130324,128,-56,33
GHCND:USC00312515,DURHAM NC US,20130325,111,-11,22
GHCND:USC00312515,DURHAM NC US,20130326,78,-11,22
GHCND:USC00312515,DURHAM NC US,20130327,89,-11,11
GHCND:USC00312515,DURHAM NC US,20130328,100,-11,56
GHCND:USC00312515,DURHAM NC US,20130329,122,-22,-17
GHCND:USC00312515,DURHAM NC US,20130330,150,-17,150
GHCND:USC00312515,DURHAM NC US,20130331,178,-22,78
GHCND:USC00312515,DURHAM NC US,20130402,211,11,17
GHCND:USC00312515,DURHAM NC US,20130403,144,11,11
GHCND:USC00312515,DURHAM NC US,20130404,144,11,33
GHCND:USC00312515,DURHAM NC US,20130407,172,22,67
GHCND:USC00312515,DURHAM NC US,20130409,256,22,139
GHCND:USC00312515,DURHAM NC US,20130411,300,22,161
GHCND:USC00312515,DURHAM NC US,20130412,300,128,183
GHCND:USC00312515,DURHAM NC US,20130413,267,89,106
GHCND:USC00312515,DURHAM NC US,20130414,228,67,72
GHCND:USC00312515,DURHAM NC US,20130415,250,67,128
GHCND:USC00312515,DURHAM NC US,20130416,200,128,144
GHCND:USC00312515,DURHAM NC US,20130417,239,139,144
GHCND:USC00312515,DURHAM NC US,20130418,256,144,206
GHCND:USC00312515,DURHAM NC US,20130420,261,78,78
GHCND:USC00312515,DURHAM NC US,20130421,256,44,61
GHCND:USC00312515,DURHAM NC US,20130422,150,22,39
GHCND:USC00312515,DURHAM NC US,20130423,150,22,89
GHCND:USC00312515,DURHAM NC US,20130425,228,78,106
GHCND:USC00312515,DURHAM NC US,20130427,206,50,150
GHCND:USC00312515,DURHAM NC US,20130428,206,111,117
GHCND:USC00312515,DURHAM NC US,20130430,194,111,133
GHCND:USC00312515,DURHAM NC US,20130501,200,128,139
GHCND:USC00312515,DURHAM NC US,20130502,194,117,122
GHCND:USC00312515,DURHAM NC US,20130503,167,106,144
GHCND:USC00312515,DURHAM NC US,20130504,189,78,83
GHCND:USC00312515,DURHAM NC US,20130505,156,83,144
GHCND:USC00312515,DURHAM NC US,20130506,150,83,128
GHCND:USC00312515,DURHAM NC US,20130507,167,106,117
GHCND:USC00312515,DURHAM NC US,20130508,194,106,133
GHCND:USC00312515,DURHAM NC US,20130509,194,111,133
GHCND:USC00312515,DURHAM NC US,20130510,256,111,256
GHCND:USC00312515,DURHAM NC US,20130513,211,56,78
GHCND:USC00312515,DURHAM NC US,20130514,283,33,78
GHCND:USC00312515,DURHAM NC US,20130515,222,33,106
GHCND:USC00312515,DURHAM NC US,20130516,294,83,272
GHCND:USC00312515,DURHAM NC US,20130518,294,78,167
GHCND:USC00312515,DURHAM NC US,20130520,300,83,189
GHCND:USC00312515,DURHAM NC US,20130522,294,78,206
GHCND:USC00312515,DURHAM NC US,20130524,250,56,67
GHCND:USC00312515,DURHAM NC US,20130525,250,56,122
GHCND:USC00312515,DURHAM NC US,20130526,256,56,244
GHCND:USC00312515,DURHAM NC US,20130527,250,61,100
GHCND:USC00312515,DURHAM NC US,20130528,239,100,172
GHCND:USC00312515,DURHAM NC US,20130529,267,167,211
GHCND:USC00312515,DURHAM NC US,20130530,283,161,172
GHCND:USC00312515,DURHAM NC US,20130531,283,167,206
GHCND:USC00312515,DURHAM NC US,20130601,283,194,200
GHCND:USC00312515,DURHAM NC US,20130602,300,178,200
GHCND:USC00312515,DURHAM NC US,20130603,300,194,211
GHCND:USC00312515,DURHAM NC US,20130604,256,178,183
GHCND:USC00312515,DURHAM NC US,20130605,256,161,167
GHCND:USC00312515,DURHAM NC US,20130606,250,161,183
GHCND:USC00312515,DURHAM NC US,20130608,250,161,189
GHCND:USC00312515,DURHAM NC US,20130610,250,133,217
GHCND:USC00312515,DURHAM NC US,20130612,278,133,228
GHCND:USC00312515,DURHAM NC US,20130613,306,228,233
GHCND:USC00312515,DURHAM NC US,20130614,333,156,167
GHCND:USC00312515,DURHAM NC US,20130615,328,144,178
GHCND:USC00312515,DURHAM NC US,20130616,328,144,178
GHCND:USC00312515,DURHAM NC US,20130617,294,178,211
GHCND:USC00312515,DURHAM NC US,20130618,289,178,211
GHCND:USC00312515,DURHAM NC US,20130619,267,172,178
GHCND:USC00312515,DURHAM NC US,20130620,267,172,244
GHCND:USC00312515,DURHAM NC US,20130621,256,144,194
GHCND:USC00312515,DURHAM NC US,20130623,267,139,200
GHCND:USC00312515,DURHAM NC US,20130624,311,200,278
GHCND:USC00312515,DURHAM NC US,20130625,289,200,211
GHCND:USC00312515,DURHAM NC US,20130626,300,200,228
GHCND:USC00312515,DURHAM NC US,20130627,267,189,211
